,0,1,2,3,4,5
0,Walker flap exposes GOP rift on Iowa's sacred status - CNN,http://www.ruzzit.com/en-US/Redirect/Link?media=653892,1.2M,"1,911 ","8,693",18/3/2015 18:41
1,What Career Should You Actually Have? - BuzzFeed,http://www.ruzzit.com/en-US/Redirect/Link?media=1928328,5.1M,"1,559 ",10.9k,24/1/2016 21:00
2,What State Do You Actually Belong In? - BuzzFeed,http://www.ruzzit.com/en-US/Redirect/Link?media=1927663,4.1M,76 ,"5,465",24/1/2016 15:15
3,"Which ""Grease"" Pink Lady Are You? - BuzzFeed",http://www.ruzzit.com/en-US/Redirect/Link?media=1960941,3M,0 ,"2,760",1/2/2016 03:46
4,https://media.giphy.com/media/xTcnT6Kc5pbyZl8VzO/giphy.gif,http://www.ruzzit.com/en-US/Redirect/Link?media=1931505,2.4M,17 ,302,15/1/2016 15:24
5,Optimistic People All Have One Thing In Common: They're Always Late - Elite,http://www.ruzzit.com/en-US/Redirect/Link?media=1082319,1.6M,"1,090 ",313,30/6/2015 20:34
6,"Fast Food Workers: You Don't Deserve $15 an Hour to Flip Burgers, and That'",http://www.ruzzit.com/en-US/Redirect/Link?media=769705,1.4M,595 ,1,15/4/2015 20:48
7,Zombie-themed 'Walking Dead' cruise setting sail in January - Fox News,http://www.ruzzit.com/en-US/Redirect/Link?media=1074827,1.4M,15 ,14,26/6/2015 21:31
8,https://media.giphy.com/media/9NAXpI52kjBjG/giphy.gif,http://www.ruzzit.com/en-US/Redirect/Link?media=1689188,1.4M,1 ,10,8/9/2015 22:01
9,Man Builds 'Dog Train' To Take Rescued Pups Out On Little Adventures - The,http://www.ruzzit.com/en-US/Redirect/Link?media=1432177,1.2M,201 ,418,22/9/2015 23:02
10,https://media.giphy.com/media/3o8doO4sqbyDf1LjlC/giphy.gif,http://www.ruzzit.com/en-US/Redirect/Link?media=1722227,1.2M,0 ,0,27/11/2015 18:03
11,https://49.media.tumblr.com/724a51968d0332bcaac2cc53b1a11516/tumblr_o0t70sd,http://www.ruzzit.com/en-US/Redirect/Link?media=1925600,1.2M,1 ,110,15/1/2016 11:23
12,https://s-media-cache-ak0.pinimg.com/originals/ca/eb/17/caeb17ce45dd6b29634,http://www.ruzzit.com/en-US/Redirect/Link?media=1861255,1.2M,1 ,96,28/7/2015 09:30
13,15 hilarious parenting comics that are almost too real.,http://www.ruzzit.com/en-US/Redirect/Link?media=1524072,1.1M,115 ,266,18/10/2015 21:58
14,33 Insanely Clever Things Your Small Apartment Needs - BuzzFeed,http://www.ruzzit.com/en-US/Redirect/Link?media=1821965,60.8k,69 ,954k,30/12/2015 16:13
15,Donald Trump has flip-flopped so much that Stephen Colbert hosted a Trump v,http://www.ruzzit.com/en-US/Redirect/Link?media=1981872,1M,295 ,16,29/1/2016 16:04
16,That time 16-year-old Malala Yousafzai left Jon Stewart speechless with com,http://www.ruzzit.com/en-US/Redirect/Link?media=1019795,975k,"2,937 ",549,19/6/2015 01:51
17,21 Things You Only Know If You've Been Best Friends For 10 Years - BuzzFeed,http://www.ruzzit.com/en-US/Redirect/Link?media=638596,962k,1 ,204,14/3/2015 14:31
18,Husband Says He Can't Afford His Wife As A Stay-At-Home Mom And His ... - I,http://www.ruzzit.com/en-US/Redirect/Link?media=727249,958k,188 ,104,4/4/2015 15:00
19,18 Photos That Won't Make Sense To Sisterless Families - BuzzFeed,http://www.ruzzit.com/en-US/Redirect/Link?media=1935494,945k,2 ,"1,072",26/1/2016 10:13
20,Dad Picks Her Up From School And Finds Out She’s Been Bullied – Watch What,http://www.ruzzit.com/en-US/Redirect/Link?media=1376079,939k,121 ,107,6/9/2015 17:23
21,"Every September 11, I Remember This Surprising Story About Steve Buscemi -",http://www.ruzzit.com/en-US/Redirect/Link?media=1384460,900k,98 ,79,11/9/2015 16:07
22,"No, It's Not Your Opinion. You're Just Wrong - Houston Press",http://www.ruzzit.com/en-US/Redirect/Link?media=1174765,868k,807 ,500,23/7/2015 13:07
23,A Mom's Social Media Post Shatters Lives in AT&T's Gut-Wrenching Ad - Creat,http://www.ruzzit.com/en-US/Redirect/Link?media=1168165,866k,911 ,59,20/7/2015 20:02
24,19 Vintage Easter Bunny Photos That Will Make Your Skin Crawl - BuzzFeed,http://www.ruzzit.com/en-US/Redirect/Link?media=714360,860k,198 ,704,6/4/2015 05:01
25,CLICK HERE to support COMET: World's First Buoyant Smartphone,http://www.ruzzit.com/en-US/Redirect/Link?media=1422684,"2,290",8 ,0,15/9/2015 16:41
26,London Fashion Week: Sibling Fall/Winter 2015 - The New York Times,http://www.ruzzit.com/en-US/Redirect/Link?media=558599,807k,"8,290 ",29.7k,21/2/2015 17:02
27,Dear white Facebook friends: I need you to respect what Black America is fe,http://www.ruzzit.com/en-US/Redirect/Link?media=826556,824k,195 ,211,30/4/2015 01:01
28,"This Might Look Like A Nursing Home Or A Preschool, But It's Much Better -",http://www.ruzzit.com/en-US/Redirect/Link?media=996126,812k,280 ,0,13/6/2015 07:57
29,29 Dollar Store Finds That Will Keep Your Kids Busy All Summer - BuzzFeed,http://www.ruzzit.com/en-US/Redirect/Link?media=915868,763k,19 ,47.2k,23/5/2015 18:15
30,5 reasons we can't handle marriage anymore - Asbury Park Press,http://www.ruzzit.com/en-US/Redirect/Link?media=732858,792k,9 ,432,6/4/2015 17:50
31,Why Modern Relationships Are Falling Apart So Easily Today - MensXP.com,http://www.ruzzit.com/en-US/Redirect/Link?media=2015898,750k,226 ,323,5/2/2016 14:43
32,"People Who Talk To Themselves Aren't Crazy, They're Actually Geniuses - Eli",http://www.ruzzit.com/en-US/Redirect/Link?media=1122291,721k,418 ,102,9/7/2015 21:02
33,"Watch: News Anchor Gets Fed Up With Obama, Says What Everyone's Thinking In",http://www.ruzzit.com/en-US/Redirect/Link?media=1167083,715k,181 ,80,20/7/2015 18:40
34,27 Useful Dollar Store Finds Every Parent Should Know About - BuzzFeed,http://www.ruzzit.com/en-US/Redirect/Link?media=557022,668k,9 ,23k,21/2/2015 15:30
35,A woman is knitting tiny wool jumpers to keep her chickens warm - Mashable,http://www.ruzzit.com/en-US/Redirect/Link?media=1656224,681k,28 ,24,20/11/2015 20:40
36,24 Pictures That Will Make You Feel Better About The World - BuzzFeed,http://www.ruzzit.com/en-US/Redirect/Link?media=908373,652k,83 ,422,21/5/2015 23:45
37,"I Followed My Stolen iPhone Across The World, Became A Celebrity In China,",http://www.ruzzit.com/en-US/Redirect/Link?media=694521,626k,"1,034 ",0,1/4/2015 05:00
38,Army officer from Alabama nails it: 'I'm offended that everyone is offended,http://www.ruzzit.com/en-US/Redirect/Link?media=1059715,635k,48 ,100,24/6/2015 01:24
39,How one mom's extraordinary love transforms the short lives of hospice babi,http://www.ruzzit.com/en-US/Redirect/Link?media=1958159,632k,180 ,523,25/1/2016 18:51
40,You Can Rent A Glass Igloo In Finland To Watch The Northern Lights - BuzzFe,http://www.ruzzit.com/en-US/Redirect/Link?media=1720497,381k,37 ,246k,6/12/2015 12:16
41,Sweden is shifting to a 6-hour work day - ScienceAlert,http://www.ruzzit.com/en-US/Redirect/Link?media=1459726,618k,"3,018 ",205,30/9/2015 06:10
42,52 Places to Go in 2016 - The New York Times,http://www.ruzzit.com/en-US/Redirect/Link?media=1866813,606k,"7,384 ","5,590",10/1/2016 17:03
43,https://buffer-pictures.s3.amazonaws.com/ecf704408c7078fe1b822fee1c7b99f6.9,http://www.ruzzit.com/en-US/Redirect/Link?media=1503406,476k,128k ,11,11/9/2015 18:41
44,12 Women With Perfect Responses for Why They Don't Have Kids,http://www.ruzzit.com/en-US/Redirect/Link?media=647012,598k,74 ,542,16/3/2015 20:51
45,9 Things That Make Good Employees Quit - The Huffington Post,http://www.ruzzit.com/en-US/Redirect/Link?media=1833028,551k,43.6k ,576,2/1/2016 20:02
46,To the Mother of All Boys - Huffington Post,http://www.ruzzit.com/en-US/Redirect/Link?media=804331,577k,5 ,192,20/4/2015 21:02
47,25 Bras Every Geeky Girl Needs - BuzzFeed,http://www.ruzzit.com/en-US/Redirect/Link?media=759534,572k,2 ,1,16/4/2015 21:31
48,There's a Terrifying Breed of 'Werewolf Cats' That Act Like Dogs and Cost U,http://www.ruzzit.com/en-US/Redirect/Link?media=1582085,564k,0 ,357,28/10/2015 22:19
49,22 Gloriously Geeky Newborns Who Are Already Winning At Life - BuzzFeed,http://www.ruzzit.com/en-US/Redirect/Link?media=733867,551k,13 ,"5,598",10/4/2015 23:06
50,Key & Peele Imagines What It'd Be Like if We Obsessed Over Teachers the Way,http://www.ruzzit.com/en-US/Redirect/Link?media=1197479,552k,266 ,12,28/7/2015 21:56
51,"Haunting chalkboard drawings, frozen in time for 100 years, discovered in .",http://www.ruzzit.com/en-US/Redirect/Link?media=982576,545k,330 ,624,6/6/2015 15:22
52,Paramedic’s Facebook Rant About “Burger Flippers” Making $15/Hour Going Vir,http://www.ruzzit.com/en-US/Redirect/Link?media=1212173,540k,69 ,100,4/8/2015 02:56
53,Meet The Aspiring Teen Model Who Is Redefining Standards Of Beauty - BuzzFe,http://www.ruzzit.com/en-US/Redirect/Link?media=888156,526k,29 ,5,17/5/2015 19:15
54,Hawaii Just Became The First State To Ban Plastic Bags At Grocery Checkouts,http://www.ruzzit.com/en-US/Redirect/Link?media=1087934,518k,234 ,0,1/7/2015 23:53
55,Why are white people expats when the rest of us are immigrants? - The Guard,http://www.ruzzit.com/en-US/Redirect/Link?media=650108,511k,"1,626 ",22,13/3/2015 11:53
56,If you have the letter M on your palm. There is something very special abou,http://www.ruzzit.com/en-US/Redirect/Link?media=1788822,515k,109 ,100,18/12/2015 22:06
57,What ISIS Really Wants - The Atlantic,http://www.ruzzit.com/en-US/Redirect/Link?media=552131,480k,"1,814 ",823,16/2/2015 03:11
58,Mom Creates Periodic Table Battleship Game To Teach Her Kids Chemistry,http://www.ruzzit.com/en-US/Redirect/Link?media=1900570,510k,84 ,"2,081",14/1/2016 22:51
59,Watch 'The Warriors' Recreate Their Last Subway Ride Home - RollingStone.co,http://www.ruzzit.com/en-US/Redirect/Link?media=1435513,506k,30 ,18,23/9/2015 18:23
60,A Cancer Survivor Designs the Cards She Wishes She'd Received From Friends,http://www.ruzzit.com/en-US/Redirect/Link?media=855993,499k,505 ,"1,688",6/5/2015 19:10
61,"State Silences Bakers Who Refused to Make Cake for Lesbian Couple, Fines ..",http://www.ruzzit.com/en-US/Redirect/Link?media=1095786,494k,63 ,0,3/7/2015 03:42
62,What If Everything You Knew About Disciplining Kids Was Wrong? - Mother Jon,http://www.ruzzit.com/en-US/Redirect/Link?media=1122450,495k,437 ,"1,511",7/7/2015 12:02
63,"The More I Learn About Breast Milk, the More Amazed I Am - TheStranger.com",http://www.ruzzit.com/en-US/Redirect/Link?media=1314853,496k,23 ,701,26/8/2015 02:17
64,Aldi is fixing is biggest weakness — and that should terrify Whole Foods -,http://www.ruzzit.com/en-US/Redirect/Link?media=1925134,496k,773 ,201,23/1/2016 23:01
65,Shooters of color are called 'terrorists' and 'thugs.' Why are white shoote,http://www.ruzzit.com/en-US/Redirect/Link?media=1031922,490k,475 ,116,18/6/2015 22:56
66,The Taco Cleanse Is a Real Diet - and Involves Eating Tacos All Day - Peopl,http://www.ruzzit.com/en-US/Redirect/Link?media=1864749,492k,37 ,98,10/1/2016 01:45
67,CLICK HERE to support Greek Bailout Fund,http://www.ruzzit.com/en-US/Redirect/Link?media=1076875,415k,"1,581 ",0,28/6/2015 21:42
68,29 Things Only Girls Shorter Than 5-Foot-3 Will Understand - BuzzFeed,http://www.ruzzit.com/en-US/Redirect/Link?media=689625,485k,2 ,0,30/3/2015 12:01
69,"Caitlyn, Dog with Her Muzzle Taped Shut, Out of Surgery and Expected to Mak",http://www.ruzzit.com/en-US/Redirect/Link?media=961526,481k,3 ,0,4/6/2015 18:00
70,The 26 Most American Comebacks In The History Of The World - BuzzFeed,http://www.ruzzit.com/en-US/Redirect/Link?media=1083985,471k,22 ,"3,664",5/7/2015 00:05
71,"Man who taped up dog, leaving it to die, gets two years",http://www.ruzzit.com/en-US/Redirect/Link?media=1968818,473k,77 ,24,2/2/2016 01:15
72,These kids can't sit still. And that's exactly the point of this new readin,http://www.ruzzit.com/en-US/Redirect/Link?media=1267275,466k,181 ,3,18/8/2015 17:23
73,Have you seen anyone with a semicolon tattoo? Here's what it's about.,http://www.ruzzit.com/en-US/Redirect/Link?media=1095573,465k,250 ,9,7/7/2015 23:10
74,"A Portable Pizza Necklace Will Never, Ever Let You Down - The Huffington Po",http://www.ruzzit.com/en-US/Redirect/Link?media=1445837,460k,22 ,114,30/9/2015 15:29
75,The Moral Bucket List - New York Times,http://www.ruzzit.com/en-US/Redirect/Link?media=753128,436k,"5,572 ",137,11/4/2015 20:30
76,A 13235-Mile Road Trip for 70-Degree Weather Every Day - CityLab,http://www.ruzzit.com/en-US/Redirect/Link?media=1549366,455k,63 ,280,20/10/2015 13:03
77,The 61 Best Teacher Memes On The Internet - BuzzFeed,http://www.ruzzit.com/en-US/Redirect/Link?media=1547212,447k,10 ,"5,038",25/10/2015 13:16
78,"23 Reasons Why ""The Princess Bride"" Is The Most Important Movie Ever - Buzz",http://www.ruzzit.com/en-US/Redirect/Link?media=1439240,448k,3 ,8,28/9/2015 23:55
79,"Famous quotes, the way a woman would have to say them during a meeting. - W",http://www.ruzzit.com/en-US/Redirect/Link?media=1518876,441k,"1,843 ",206,14/10/2015 00:42
80,23 Photos That Won't Make Sense To Only Children - BuzzFeed,http://www.ruzzit.com/en-US/Redirect/Link?media=1941154,448k,3 ,649,27/1/2016 14:50
81,5 reasons we can't handle marriage anymore - WCNC,http://www.ruzzit.com/en-US/Redirect/Link?media=733109,433k,60 ,107,6/4/2015 19:52
82,11 Images Show the Hypocrisy of America's Reaction to Baltimore Riots,http://www.ruzzit.com/en-US/Redirect/Link?media=804326,427k,180 ,108,28/4/2015 02:44
83,23 Signs You're Actually A Member Of Your Best Friend's Family - BuzzFeed,http://www.ruzzit.com/en-US/Redirect/Link?media=1015549,431k,0 ,100,18/6/2015 03:46
84,Build A Living Kid's Playhouse That Brings Them Back To Nature,http://www.ruzzit.com/en-US/Redirect/Link?media=1817521,428k,29 ,"2,796",18/4/2015 20:41
85,This Millennial Might Be the New Einstein - OZY,http://www.ruzzit.com/en-US/Redirect/Link?media=1915350,429k,"1,157 ",75,12/1/2016 06:05
86,Israel and Palestine: Forgiving for Peace? - The Huffington Post,http://www.ruzzit.com/en-US/Redirect/Link?media=1390577,375k,"3,660 ",46k,16/9/2015 23:47
87,"Kalief Browder, 1993–2015 - The New Yorker",http://www.ruzzit.com/en-US/Redirect/Link?media=987375,402k,478 ,202,8/6/2015 02:09
88,Essential Oil Stops Cancer In Its Tracks,http://www.ruzzit.com/en-US/Redirect/Link?media=1766232,416k,42 ,"4,590",20/6/2015 14:20
89,It's Official -- Bernie Sanders Has Overtaken Hillary Clinton In the Hearts,http://www.ruzzit.com/en-US/Redirect/Link?media=1060281,417k,10 ,18,25/6/2015 17:18
90,The Point of No Return: Climate Change Nightmares Are Already Here,http://www.ruzzit.com/en-US/Redirect/Link?media=1229087,402k,962 ,301,5/8/2015 16:25
91,32 Pictures That Will Give You Intense Elementary School Flashbacks - BuzzF,http://www.ruzzit.com/en-US/Redirect/Link?media=717158,410k,25 ,113,6/4/2015 23:56
92,Nicholas Winton Is Dead at 106; Saved Children from the Holocaust - New Yor,http://www.ruzzit.com/en-US/Redirect/Link?media=1070828,401k,806 ,200,1/7/2015 18:31
93,California has about one year of water left. Will you ration now? - Los Ang,http://www.ruzzit.com/en-US/Redirect/Link?media=646725,397k,"1,066 ",512,13/3/2015 02:27
94,"Pope Rejects Lunch with Boehner, Pelosi, McConnell, Reid: He will be Dining",http://www.ruzzit.com/en-US/Redirect/Link?media=1436003,407k,151 ,20,24/9/2015 02:43
95,Gmail,http://www.ruzzit.com/en-US/Redirect/Link?media=1449078,410k,"1,127 ",0,26/2/2015 03:18
96,37 Things You'll Only Understand If You Went To College In The '90s - BuzzF,http://www.ruzzit.com/en-US/Redirect/Link?media=1220540,409k,44 ,0,7/8/2015 01:16
97,18 Reasons Why Parents Can't Stand Caillou - BuzzFeed,http://www.ruzzit.com/en-US/Redirect/Link?media=1643841,407k,2 ,191,18/11/2015 00:36
98,Arkansas Mom Exposes Common Core For The Nightmare It Is - Western Journali,http://www.ruzzit.com/en-US/Redirect/Link?media=619117,406k,23 ,0,5/3/2015 23:21
99,21 Painfully Real Struggles For Everyone With Thick Hair - BuzzFeed,http://www.ruzzit.com/en-US/Redirect/Link?media=1202541,403k,1 ,0,2/8/2015 21:00
100,"No One Showed Up To A Little Boy With Autism's Birthday, So His Mom Asked F",http://www.ruzzit.com/en-US/Redirect/Link?media=564259,400k,277 ,4,23/2/2015 15:39
101,You Haven’t Lived Until You’ve Tried A Churro Ice Cream Sandwich - BuzzFeed,http://www.ruzzit.com/en-US/Redirect/Link?media=1109973,402k,15 ,59,11/7/2015 00:36
102,How 7 things that have nothing to do with rape perfectly illustrate the con,http://www.ruzzit.com/en-US/Redirect/Link?media=1065792,401k,58 ,334,26/6/2015 22:08
103,26 Of Your Childhood Disney Products That Are Now Worth Bank - BuzzFeed,http://www.ruzzit.com/en-US/Redirect/Link?media=1125885,402k,5 ,37,15/7/2015 07:15
104,How People Treat Mental Illness Vs. How They Treat Physical Illness - BuzzF,http://www.ruzzit.com/en-US/Redirect/Link?media=1448153,398k,110 ,6,30/9/2015 22:56
105,One minute of fed-up celebrities talking about guns is actually worth your,http://www.ruzzit.com/en-US/Redirect/Link?media=1038244,395k,72 ,0,23/6/2015 22:58
106,27 Awesome Charts That Will Turn You Into A Baking Genius - BuzzFeed,http://www.ruzzit.com/en-US/Redirect/Link?media=1070797,392k,12 ,"1,410",1/7/2015 18:30
107,27 Struggles That Were All Too Real To '90s Kids - BuzzFeed,http://www.ruzzit.com/en-US/Redirect/Link?media=697689,391k,10 ,22,1/4/2015 23:16
108,Donald Trump Just Stopped Being Funny - RollingStone.com,http://www.ruzzit.com/en-US/Redirect/Link?media=1297821,383k,189 ,2,21/8/2015 19:40
109,20 Feelings That Sum Up Having Both Depression And Anxiety - BuzzFeed,http://www.ruzzit.com/en-US/Redirect/Link?media=1508167,386k,49 ,37,15/10/2015 20:46
110,This Billionaire Governor Taxed the Rich and Increased the Minimum Wage ...,http://www.ruzzit.com/en-US/Redirect/Link?media=583329,383k,218 ,6,24/2/2015 23:00
111,"Religious children are meaner than their secular counterparts, study finds",http://www.ruzzit.com/en-US/Redirect/Link?media=1617203,383k,981 ,165,6/11/2015 18:10
112,You might want to turn off this new iOS 9 setting if you don't have unlimit,http://www.ruzzit.com/en-US/Redirect/Link?media=1442729,382k,685 ,54,25/9/2015 17:13
113,The girl who gets gifts from birds - BBC News,http://www.ruzzit.com/en-US/Redirect/Link?media=594661,373k,225 ,745,25/2/2015 23:17
114,This Jarring Photo Series Captures What PTSD Really Looks Like - BuzzFeed,http://www.ruzzit.com/en-US/Redirect/Link?media=646997,378k,204 ,101,16/3/2015 23:20
115,Being Too Nice Can Contribute to Depression,http://www.ruzzit.com/en-US/Redirect/Link?media=1796721,378k,94 ,486,17/6/2015 16:01
116,Where Syrian Children Sleep - BuzzFeed,http://www.ruzzit.com/en-US/Redirect/Link?media=1479956,369k,59 ,41,8/10/2015 21:15
117,Politically Incorrect Reflections on Obama at the Mosque - Huffington Post,http://www.ruzzit.com/en-US/Redirect/Link?media=1977941,374k,8 ,0,4/2/2016 19:53
118,Fighting Income Inequality Is at Hillary's Roots - The Huffington Post,http://www.ruzzit.com/en-US/Redirect/Link?media=1949234,374k,3 ,0,29/1/2016 03:34
119,"For Julie Andrews and Christopher Plummer, The Sound of Music Was Never ...",http://www.ruzzit.com/en-US/Redirect/Link?media=584211,371k,21 ,357,20/2/2015 01:46
120,"Illuminating the Plight of Endangered Species, at the Empire State Building",http://www.ruzzit.com/en-US/Redirect/Link?media=1188429,359k,492 ,2,30/7/2015 04:22
121,Sometimes It's Just Easier To Care About Dead Lions Than Dead People - TheB,http://www.ruzzit.com/en-US/Redirect/Link?media=1202630,369k,89 ,34,29/7/2015 21:38
122,"This A Cappella Cover Of ""Chandelier"" Is Unreal - BuzzFeed",http://www.ruzzit.com/en-US/Redirect/Link?media=931330,368k,84 ,100,28/5/2015 01:30
123,A Huge Overnight Increase in a Drug’s Price Raises Protests - The New York,http://www.ruzzit.com/en-US/Redirect/Link?media=1405951,352k,"1,948 ",35,20/9/2015 19:05
124,Editorial: End the Gun Epidemic in America - The New York Times,http://www.ruzzit.com/en-US/Redirect/Link?media=1718150,366k,"1,359 ",199,5/12/2015 03:13
125,HACKED BY ISLAMIC STATE HACKING DIVISION - The Huffington Post,http://www.ruzzit.com/en-US/Redirect/Link?media=745234,368k,0 ,0,13/4/2015 19:27
126,Jeb Bush In 1995: Unwed Mothers Should Be Publicly Shamed - The Huffington,http://www.ruzzit.com/en-US/Redirect/Link?media=979709,362k,89 ,97,9/6/2015 16:31
127,11 Reasons Your Crazy Cat Obsession Makes You Happier And Healthier - The H,http://www.ruzzit.com/en-US/Redirect/Link?media=641832,363k,92 ,491,15/3/2015 15:33
128,19 Pictures That Are Too Real For People Who Play Settlers Of Catan - BuzzF,http://www.ruzzit.com/en-US/Redirect/Link?media=619677,364k,5 ,99,9/3/2015 23:31
129,Who Said It: Donald Trump Or Lucille Bluth? - BuzzFeed,http://www.ruzzit.com/en-US/Redirect/Link?media=1370520,360k,3 ,11,12/9/2015 03:01
130,He shows how the news talks about black people by talking about white peopl,http://www.ruzzit.com/en-US/Redirect/Link?media=805974,360k,70 ,6,28/4/2015 01:22
131,28 Pictures That Prove 2015 Wasn’t The Absolute Worst - BuzzFeed,http://www.ruzzit.com/en-US/Redirect/Link?media=1772248,358k,163 ,"2,232",17/12/2015 23:31
132,He shows how the news talks about black people by talking about white peopl,http://www.ruzzit.com/en-US/Redirect/Link?media=816934,358k,69 ,0,28/4/2015 01:22
133,"19 Reasons Why ""Elf"" Will Always Be Your Favorite Christmas Movie - BuzzFee",http://www.ruzzit.com/en-US/Redirect/Link?media=1699641,357k,6 ,134,1/12/2015 14:31
134,Well: Screen Addiction Is Taking a Toll on Children - The New York Times,http://www.ruzzit.com/en-US/Redirect/Link?media=1088593,340k,"2,060 ",104,6/7/2015 12:00
135,6 Reasons Gray Hair Is White Hot Again - The Huffington Post,http://www.ruzzit.com/en-US/Redirect/Link?media=599146,349k,45 ,549,4/3/2015 13:02
136,The Man in the Van - ESPN,http://www.ruzzit.com/en-US/Redirect/Link?media=616118,337k,467 ,10,5/3/2015 17:26
137,ISIS releases 'Kill List'; Seven Texas cities included - KFDA,http://www.ruzzit.com/en-US/Redirect/Link?media=687797,344k,72 ,0,24/3/2015 21:20
138,The Norwegian Secret To Enjoying A Long Winter - Fast Company,http://www.ruzzit.com/en-US/Redirect/Link?media=1599563,340k,900 ,564,6/11/2015 11:30
139,Putin tells Western leaders: Let's bury our differences and jointly strike,http://www.ruzzit.com/en-US/Redirect/Link?media=1651623,344k,299 ,2,15/11/2015 08:14
140,Which Music Era Do You Actually Belong In? - BuzzFeed,http://www.ruzzit.com/en-US/Redirect/Link?media=1969667,340k,3 ,"3,336",2/2/2016 21:28
141,The Surprising Benefits Of Stress - The Huffington Post,http://www.ruzzit.com/en-US/Redirect/Link?media=1529589,339k,27 ,1,21/10/2015 04:12
142,19 Cats Who Made Poor Life Choices - BuzzFeed,http://www.ruzzit.com/en-US/Redirect/Link?media=593871,337k,8 ,105,3/3/2015 03:21
143,An Entire Town Secretly Learned Sign Language To Surprise Their Deaf Neighb,http://www.ruzzit.com/en-US/Redirect/Link?media=619023,335k,405 ,99,9/3/2015 20:22
144,25 Life-Changing Style Charts Every Guy Needs Right Now - BuzzFeed,http://www.ruzzit.com/en-US/Redirect/Link?media=611990,334k,610 ,898,7/3/2015 17:31
145,23 Things You'll Understand If You’re Dating A Teacher - BuzzFeed,http://www.ruzzit.com/en-US/Redirect/Link?media=1942977,336k,42 ,239,27/1/2016 21:53
146,"Anheuser-Busch Halts Beer Production to Provide Water for Texas, Oklahoma .",http://www.ruzzit.com/en-US/Redirect/Link?media=952106,331k,828 ,0,29/5/2015 04:36
147,21 Books From The Last 5 Years That Every Woman Should Read,http://www.ruzzit.com/en-US/Redirect/Link?media=910819,320k,43 ,10.9k,19/5/2015 23:36
148,World's Last Male Northern White Rhino Placed Under 24-Hour Armed Guard In,http://www.ruzzit.com/en-US/Redirect/Link?media=747969,323k,119 ,100,14/4/2015 09:27
149,Listen to this organ in Croatia that uses the sea to make hauntingly beauti,http://www.ruzzit.com/en-US/Redirect/Link?media=1604407,330k,162 ,338,6/11/2015 16:18
150,3 Things That Can Hurt Your Business's Valuation - The Huffington Post,http://www.ruzzit.com/en-US/Redirect/Link?media=1272113,330k,0 ,0,19/8/2015 18:47
151,"One Day Before Paris, There Was a Devastating Terrorist Attack You Didn't H",http://www.ruzzit.com/en-US/Redirect/Link?media=1630991,328k,187 ,100,14/11/2015 18:58
152,https://buffer-pictures.s3.amazonaws.com/9632240de764251545096da92904b7b0.1,http://www.ruzzit.com/en-US/Redirect/Link?media=1491567,322k,"4,834 ",10,1/10/2015 11:58
153,VIP Nightlife in DC Just Got Easier - The Huffington Post,http://www.ruzzit.com/en-US/Redirect/Link?media=1211957,328k,0 ,0,5/8/2015 02:55
154,3 Steps to Summer Ready Skin - The Huffington Post,http://www.ruzzit.com/en-US/Redirect/Link?media=1108704,322k,"3,245 ",0,10/7/2015 18:54
155,WATCH: The Anti-Migrant Video Going Viral Across Europe - Breitbart News,http://www.ruzzit.com/en-US/Redirect/Link?media=1633052,316k,151 ,205,11/11/2015 17:08
156,The Coddling of the American Mind - The Atlantic,http://www.ruzzit.com/en-US/Redirect/Link?media=1256068,308k,"1,043 ",120,11/8/2015 13:01
157,Why Do We Grab Life By The Balls? - The Huffington Post,http://www.ruzzit.com/en-US/Redirect/Link?media=1091700,322k,"3,245 ",0,7/7/2015 02:30
158,"B. B. King, Blues Singer, Dies at 89 - The New York Times",http://www.ruzzit.com/en-US/Redirect/Link?media=877878,303k,"1,059 ",0,15/5/2015 08:21
159,Scientists have discovered that living near trees is good for your health -,http://www.ruzzit.com/en-US/Redirect/Link?media=1118723,319k,818 ,2,9/7/2015 15:15
160,Dutch nursing home offers rent-free housing to students - PBS NewsHour,http://www.ruzzit.com/en-US/Redirect/Link?media=730791,319k,557 ,152,5/4/2015 19:33
161,"If You See Your Dog Doing THIS, It Could Reveal Something Amazing! I Had No",http://www.ruzzit.com/en-US/Redirect/Link?media=1529426,321k,5 ,63,19/10/2015 18:24
162,5 Things Only People Sexually Attracted To Animals Know (NSFW) - The Huffin,http://www.ruzzit.com/en-US/Redirect/Link?media=1094859,322k,0 ,0,7/7/2015 20:20
163,Win a Recording Session With Rock Legends - The Huffington Post,http://www.ruzzit.com/en-US/Redirect/Link?media=1067969,321k,0 ,0,1/7/2015 02:55
164,Shop The Look: Fun and Fab Home Décor - The Huffington Post,http://www.ruzzit.com/en-US/Redirect/Link?media=1071318,321k,0 ,0,1/7/2015 20:53
165,"Ready, Set, Smoke! - The Huffington Post",http://www.ruzzit.com/en-US/Redirect/Link?media=1050711,321k,0 ,0,26/6/2015 18:38
166,A Microbiologist Recreated 'Starry Night' With Bacteria In A Petri Dish - T,http://www.ruzzit.com/en-US/Redirect/Link?media=1526957,318k,75 ,162,20/10/2015 15:38
167,Russian Man Will Become Subject Of First Human Head Transplant Ever Perform,http://www.ruzzit.com/en-US/Redirect/Link?media=734270,316k,109 ,121,11/4/2015 01:54
168,"The Joyful, Illiterate Kindergartners of Finland - The Atlantic",http://www.ruzzit.com/en-US/Redirect/Link?media=1463821,311k,684 ,956,1/10/2015 15:12
169,'We can't stop...': Watch this couple's hilarious pregnancy announcement -,http://www.ruzzit.com/en-US/Redirect/Link?media=779192,318k,2 ,20,17/4/2015 20:36
170,To My Daughter With Down Syndrome on Her Wedding Day,http://www.ruzzit.com/en-US/Redirect/Link?media=1348727,317k,138 ,7,26/8/2015 19:43
171,The Official GOP Debate Drinking Game Rules - RollingStone.com,http://www.ruzzit.com/en-US/Redirect/Link?media=1231730,312k,10 ,100,5/8/2015 15:46
172,6 Reasons Why Airbnb is the Best. - The Huffington Post,http://www.ruzzit.com/en-US/Redirect/Link?media=913935,317k,65 ,0,23/5/2015 06:05
173,I'm a veteran and I hate 'Happy Memorial Day.' Here's why. - Washington Pos,http://www.ruzzit.com/en-US/Redirect/Link?media=912137,314k,226 ,102,22/5/2015 17:05
174,The Frass Isn't Greener - The Huffington Post,http://www.ruzzit.com/en-US/Redirect/Link?media=956714,317k,0 ,0,3/6/2015 15:53
175,15 words to eliminate from your vocabulary to sound smarter - Business Insi,http://www.ruzzit.com/en-US/Redirect/Link?media=1796593,312k,"3,339 ",988,23/12/2015 21:15
176,The end of capitalism has begun - The Guardian,http://www.ruzzit.com/en-US/Redirect/Link?media=1150832,305k,"3,604 ",266,17/7/2015 12:00
177,32 Products Every Elephant Lover Needs In Their Home - BuzzFeed,http://www.ruzzit.com/en-US/Redirect/Link?media=1359544,313k,5 ,10,9/9/2015 21:46
178,Photographer Michael Stokes captures amputee war veterans naked - Daily Mai,http://www.ruzzit.com/en-US/Redirect/Link?media=1151074,313k,45 ,304,17/7/2015 19:16
179,How to Raise a Creative Child. Step One: Back Off - New York Times,http://www.ruzzit.com/en-US/Redirect/Link?media=1985385,308k,"3,545 ",610,30/1/2016 20:30
180,16 on-point responses from female scientists to Nobel winner's sexist comme,http://www.ruzzit.com/en-US/Redirect/Link?media=989374,303k,"1,010 ",41,11/6/2015 18:03
181,Man's post about traffic stop goes viral - kfor.com,http://www.ruzzit.com/en-US/Redirect/Link?media=1578459,309k,127 ,20,29/10/2015 15:55
182,Iranian Women Are Showing Off Their Hair As An Act Of Protest And It Is A V,http://www.ruzzit.com/en-US/Redirect/Link?media=994623,309k,24 ,20,12/6/2015 20:28
183,Science Proves Bassists Are Actually the Most Important Members of the Band,http://www.ruzzit.com/en-US/Redirect/Link?media=964415,306k,113 ,2,4/6/2015 18:17
184,24 Dump Dinners You Can Make In A Crock Pot - BuzzFeed,http://www.ruzzit.com/en-US/Redirect/Link?media=1344512,234k,8 ,72k,5/9/2015 20:00
185,What Is Your Scottish Name? - BuzzFeed,http://www.ruzzit.com/en-US/Redirect/Link?media=745451,304k,1 ,0,13/4/2015 20:46
186,How to parent like a German - Business Insider,http://www.ruzzit.com/en-US/Redirect/Link?media=1929549,305k,0 ,0,25/1/2016 03:01
187,The Perseid Meteor Begins Its Peak TONIGHT - Don't Miss It! - IFLScience,http://www.ruzzit.com/en-US/Redirect/Link?media=1230059,299k,30 ,98,9/8/2015 16:52
188,"If you've ever owned a dog, you can relate to these perfectly (31 Photos)",http://www.ruzzit.com/en-US/Redirect/Link?media=1438383,301k,0 ,0,14/5/2015 21:35
189,OU professor: Youths' attraction to Sanders shows education failure - NewsO,http://www.ruzzit.com/en-US/Redirect/Link?media=1986420,298k,32 ,16,30/1/2016 07:06
190,What America's immigrants looked like when they arrived on Ellis Island - W,http://www.ruzzit.com/en-US/Redirect/Link?media=1557661,294k,406 ,534,24/10/2015 14:05
191,"These Backyard ""Granny Pods"" Could be the Solution to Nursing Homes - David",http://www.ruzzit.com/en-US/Redirect/Link?media=1981867,297k,45 ,501,27/11/2015 07:58
192,19 Things That Happen When Your Sibling Has A Baby - BuzzFeed,http://www.ruzzit.com/en-US/Redirect/Link?media=813818,296k,2 ,0,30/4/2015 09:46
193,"Owner of a Credit Card Processor Is Setting a New Minimum Wage: $70,000 a Y",http://www.ruzzit.com/en-US/Redirect/Link?media=747569,281k,"5,847 ",0,14/4/2015 04:45
194,18 Very Sweary British Words You Need To Use Right Now - BuzzFeed,http://www.ruzzit.com/en-US/Redirect/Link?media=1474336,295k,3 ,5,7/10/2015 15:30
195,U.S. Soldiers Told to Ignore Afghan Allies’ Abuse of Boys - The New York Ti,http://www.ruzzit.com/en-US/Redirect/Link?media=1406166,277k,675 ,43,20/9/2015 19:32
196,"Florida Man Tries to Kiss Cottonmouth Snake, Hospitalized after Bite - Outd",http://www.ruzzit.com/en-US/Redirect/Link?media=796865,293k,13 ,4,22/4/2015 21:35
197,The Islamic State wants you to hate refugees - Washington Post,http://www.ruzzit.com/en-US/Redirect/Link?media=1640781,294k,87 ,53,16/11/2015 18:51
198,This Is What Disney Princesses Look Like Without Makeup - BuzzFeed,http://www.ruzzit.com/en-US/Redirect/Link?media=1242830,290k,5 ,0,12/8/2015 16:38
199,A neuroscience researcher reveals 4 rituals that will make you happier - Bu,http://www.ruzzit.com/en-US/Redirect/Link?media=1803701,290k,"1,893 ",792,25/12/2015 18:05
200,9 things bosses do that make great employees quit - Business Insider,http://www.ruzzit.com/en-US/Redirect/Link?media=1190258,286k,"5,030 ",224,30/7/2015 15:52
201,The Absolute Tragedy Of Meeting The Love Of Your Life At The Wrong Time - E,http://www.ruzzit.com/en-US/Redirect/Link?media=975271,290k,14 ,612,4/6/2015 16:04
202,Twitter,http://www.ruzzit.com/en-US/Redirect/Link?media=1420686,291k,302 ,0,14/4/2015 21:08
203,17 Gifts Only Grammar Nerds Will Appreciate - BuzzFeed,http://www.ruzzit.com/en-US/Redirect/Link?media=1605336,286k,104 ,"3,499",8/11/2015 21:00
204,Smugglers put cockatoos in bottles to get them through Indonesian customs -,http://www.ruzzit.com/en-US/Redirect/Link?media=847626,285k,57 ,2,5/5/2015 00:45
205,"Pope Francis Smacks Churches: “If You Don't Help the Poor and Needy, then P",http://www.ruzzit.com/en-US/Redirect/Link?media=1407550,286k,16 ,0,16/9/2015 14:16
206,21 Things You'll Miss About Living With Your College Friends - BuzzFeed,http://www.ruzzit.com/en-US/Redirect/Link?media=609207,288k,0 ,3,6/3/2015 22:46
207,Amy's Kitchen Is Opening An All Vegetarian Drive-Thru - Huffington Post,http://www.ruzzit.com/en-US/Redirect/Link?media=1032253,286k,111 ,330,18/6/2015 20:35
208,Scientists at Large Hadron Collider hope to make contact with PARALLEL ...,http://www.ruzzit.com/en-US/Redirect/Link?media=679837,283k,304 ,204,20/3/2015 16:39
209,Teen With Down Syndrome Brushes Off Bullying and Breaks Into Modeling,http://www.ruzzit.com/en-US/Redirect/Link?media=1454911,284k,24 ,0,29/9/2015 23:19
210,"24 Tattooed Seniors Answer The Question: ""What Will It Look Like In 40 Year",http://www.ruzzit.com/en-US/Redirect/Link?media=646631,284k,13 ,551,16/3/2015 21:16
211,23 Faces Everyone Who Has Worked In A Call Centre Will Recognise - BuzzFeed,http://www.ruzzit.com/en-US/Redirect/Link?media=781837,284k,95 ,0,22/4/2015 16:46
212,The Leaked Deadpool Trailer Is Out and You Need To Watch It,http://www.ruzzit.com/en-US/Redirect/Link?media=1114247,282k,4 ,10,12/7/2015 07:34
213,"Who Gets Food Stamps? White People, Mostly - Huffington Post",http://www.ruzzit.com/en-US/Redirect/Link?media=600961,279k,74 ,204,28/2/2015 13:43
214,24 Pictures That Perfectly Capture How Insane The Snow In New England Is -,http://www.ruzzit.com/en-US/Redirect/Link?media=545892,280k,176 ,100,17/2/2015 20:17
215,8 Magical Harry Potter Cocktails - BuzzFeed,http://www.ruzzit.com/en-US/Redirect/Link?media=557282,279k,4 ,"1,100",21/2/2015 18:16
216,http://33.media.tumblr.com/d046c7a0ea4bbf5c958fe4d2eebe37e1/tumblr_nt5uobqo,http://www.ruzzit.com/en-US/Redirect/Link?media=1675138,280k,0 ,12,16/8/2015 08:45
217,Male Engineering Student Perfectly Explains Why Female Classmates Aren't Hi,http://www.ruzzit.com/en-US/Redirect/Link?media=1493453,276k,917 ,423,8/10/2015 21:08
218,19 Underrated Horror Movies You Need To See ASAP - BuzzFeed,http://www.ruzzit.com/en-US/Redirect/Link?media=803135,278k,1 ,43,27/4/2015 19:46
219,Chipotle to Stop Serving Genetically Altered Food - New York Times,http://www.ruzzit.com/en-US/Redirect/Link?media=800141,273k,982 ,12,27/4/2015 02:45
220,What I Learned From 4 Years Working At McDonald's,http://www.ruzzit.com/en-US/Redirect/Link?media=1720755,277k,886 ,70,3/12/2015 18:44
221,New species of frog found in Costa Rica looks just like Kermit - Mashable,http://www.ruzzit.com/en-US/Redirect/Link?media=774546,273k,77 ,102,20/4/2015 16:22
222,"The results of the latest study about vaccines and autism are in, and they'",http://www.ruzzit.com/en-US/Redirect/Link?media=1479336,277k,25 ,30,6/10/2015 17:25
223,President Obama Really Can't Control Himself Around Cute Little Kids - Buzz,http://www.ruzzit.com/en-US/Redirect/Link?media=1580458,273k,31 ,849,2/11/2015 19:36
224,Why 1999 Was The Greatest Year In Music History - BuzzFeed,http://www.ruzzit.com/en-US/Redirect/Link?media=605365,274k,9 ,2,5/3/2015 23:10
225,ISIS Claims To Have '71 Trained Soldiers' In Targeted U.S. States - Western,http://www.ruzzit.com/en-US/Redirect/Link?media=855245,274k,23 ,9,7/5/2015 04:36
226,People In Toronto Created A Memorial To A Dead Raccoon After The City Forgo,http://www.ruzzit.com/en-US/Redirect/Link?media=1106221,268k,60 ,51,10/7/2015 07:46
227,Pixels' is somehow even worse than I thought it could be - Engadget,http://www.ruzzit.com/en-US/Redirect/Link?media=1163823,28.6k,"3,375 ",25.5k,24/7/2015 07:24
228,The double-standard of making the poor prove they're worthy of government .,http://www.ruzzit.com/en-US/Redirect/Link?media=736912,270k,199 ,103,8/4/2015 04:20
229,"Every state flag is wrong, and here is why - Washington Post (blog)",http://www.ruzzit.com/en-US/Redirect/Link?media=1053774,268k,227 ,201,24/6/2015 01:27
230,Calling Bruce Jenner a Woman Is an Insult to Women - TheBlaze.com,http://www.ruzzit.com/en-US/Redirect/Link?media=968264,267k,49 ,194,2/6/2015 20:23
231,Which Beatle Are You? - BuzzFeed,http://www.ruzzit.com/en-US/Redirect/Link?media=1803475,268k,4 ,"2,548",25/12/2015 17:01
232,Study of Holocaust survivors finds trauma passed on to children's genes - T,http://www.ruzzit.com/en-US/Redirect/Link?media=1297552,265k,893 ,307,21/8/2015 21:48
233,"Thank You, Donald Trump! - The Huffington Post",http://www.ruzzit.com/en-US/Redirect/Link?media=1074597,256k,807 ,165,2/7/2015 15:01
234,19 Insane Haunted Houses That'll Literally Scare The Shit Out Of You - Buzz,http://www.ruzzit.com/en-US/Redirect/Link?media=1490324,266k,8 ,431,11/10/2015 17:38
235,Dad Cares for Quadruplets After Wife's Tragic Death in Childbirth - People.,http://www.ruzzit.com/en-US/Redirect/Link?media=584633,266k,0 ,0,28/2/2015 13:55
236,ISIS Enshrines a Theology of Rape - The New York Times,http://www.ruzzit.com/en-US/Redirect/Link?media=1246373,229k,848 ,0,13/8/2015 11:00
237,"I'm a liberal professor, and my liberal students terrify me - Vox",http://www.ruzzit.com/en-US/Redirect/Link?media=970880,256k,434 ,100,3/6/2015 14:00
238,This Is Why Your Baby Doesn't Sleep Through The Night - BuzzFeed,http://www.ruzzit.com/en-US/Redirect/Link?media=728876,263k,14 ,664,9/4/2015 21:16
239,14 Things I Wish I Knew Before I Became a Nurse - Cosmopolitan.com (blog),http://www.ruzzit.com/en-US/Redirect/Link?media=1008220,263k,23 ,316,12/6/2015 16:12
240,19 Bars In America You Should Drink At Before You Die - BuzzFeed,http://www.ruzzit.com/en-US/Redirect/Link?media=585851,260k,35 ,705,28/2/2015 17:45
241,Last Task After Layoff at Disney: Train Foreign Replacements - The New York,http://www.ruzzit.com/en-US/Redirect/Link?media=957176,251k,"1,384 ",6,3/6/2015 16:56
242,"13 Reasons No Man Will Ever Surpass Heath Ledger In ""10 Things I Hate About",http://www.ruzzit.com/en-US/Redirect/Link?media=1235682,260k,1 ,0,11/8/2015 01:01
243,"American Muslims trump hate with love, raising $173k for San Bernardino vic",http://www.ruzzit.com/en-US/Redirect/Link?media=1740353,259k,589 ,2,10/12/2015 16:49
244,Industrial farming is one of the worst crimes in history - The Guardian,http://www.ruzzit.com/en-US/Redirect/Link?media=1443245,254k,442 ,98,25/9/2015 08:59
245,Unapologetically a Nurse - The Huffington Post,http://www.ruzzit.com/en-US/Redirect/Link?media=1262767,255k,294 ,164,17/8/2015 18:24
246,16 Things Only People With Raynaud's Will Understand - BuzzFeed,http://www.ruzzit.com/en-US/Redirect/Link?media=1709668,255k,2 ,193,3/12/2015 16:46
247,Prison Debate Team Beats Harvard Debate Team in National Competition: Now Y,http://www.ruzzit.com/en-US/Redirect/Link?media=1473553,253k,85 ,100,3/10/2015 18:08
248,19 Fucking Things Only Women Who Love Swearing Will Understand - BuzzFeed,http://www.ruzzit.com/en-US/Redirect/Link?media=1220148,253k,7 ,1,6/8/2015 23:01
249,Australian comedian perfectly sums up why other countries think US gun laws,http://www.ruzzit.com/en-US/Redirect/Link?media=703597,252k,50 ,1,24/3/2015 16:30
250,8 Real Craigslist Ads That Were Clearly Written By Murderers - Cracked,http://www.ruzzit.com/en-US/Redirect/Link?media=816904,254k,2 ,0,28/4/2015 09:00
251,7 Horrifying Things Snuck Into Famous Children's Cartoons - Cracked,http://www.ruzzit.com/en-US/Redirect/Link?media=816903,254k,6 ,0,28/4/2015 09:00
252,Here's How To Eat Everything You've Ever Wanted From A Miyazaki Film - Buzz,http://www.ruzzit.com/en-US/Redirect/Link?media=1562023,249k,6 ,"2,180",29/10/2015 00:46
253,A Couple Did A Newborn Photo Shoot With Their Dog To Stop People Asking Abo,http://www.ruzzit.com/en-US/Redirect/Link?media=1280242,249k,37 ,"1,290",21/8/2015 15:01
254,6 Tiny Things That Indicate You've Got Huge Medical Problems - Cracked,http://www.ruzzit.com/en-US/Redirect/Link?media=816905,252k,8 ,0,26/4/2015 09:00
255,The Top 10 Cracked Posts You Shared Last Week 4/26 - Cracked,http://www.ruzzit.com/en-US/Redirect/Link?media=816906,252k,1 ,0,26/4/2015 09:00
256,"Chattanooga Marine Unleashes BRUTAL Video On Obama, Says 9 Words That Are .",http://www.ruzzit.com/en-US/Redirect/Link?media=1197480,250k,11 ,10,28/7/2015 02:22
257,21 Things All Sisters With A 3 Year Age Gap Know - BuzzFeed,http://www.ruzzit.com/en-US/Redirect/Link?media=807800,251k,1 ,0,28/4/2015 20:01
258,New Study Finds Marijuana Safer Than Alcohol Or Tobacco - IFLScience,http://www.ruzzit.com/en-US/Redirect/Link?media=568525,248k,7 ,101,24/2/2015 17:15
259,23 Mental Health Resolutions Everyone Could Use In 2016 - BuzzFeed,http://www.ruzzit.com/en-US/Redirect/Link?media=1814649,250k,104 ,272,28/12/2015 22:31
260,"Farmed Salmon is FULL of Antibiotics and Mercury, Here’s How to Tell If You",http://www.ruzzit.com/en-US/Redirect/Link?media=1932304,250k,7 ,92,22/1/2016 19:02
261,53 Books You Won't Be Able To Put Down - BuzzFeed,http://www.ruzzit.com/en-US/Redirect/Link?media=1054917,245k,19 ,"1,846",27/6/2015 22:53
262,Why I Will Never Vote for Donald Trump - New York Times,http://www.ruzzit.com/en-US/Redirect/Link?media=1900763,249k,173 ,48,14/1/2016 09:21
263,We Tried On Victoria's Secret Bathing Suits And This Is What Happened - Buz,http://www.ruzzit.com/en-US/Redirect/Link?media=1037666,247k,95 ,0,23/6/2015 22:21
264,People Are Going Nuts Over This Ridiculously Hot Veterinarian - BuzzFeed,http://www.ruzzit.com/en-US/Redirect/Link?media=1944811,247k,3 ,756,28/1/2016 05:35
265,This Florida County Just Decided To Do This With Confederate Flag – Dems Wi,http://www.ruzzit.com/en-US/Redirect/Link?media=1115936,247k,5 ,0,8/7/2015 00:35
266,"In Early Vote Count, Ireland Appears Headed Toward Legalizing Same-Sex Marr",http://www.ruzzit.com/en-US/Redirect/Link?media=915139,207k,325 ,0,23/5/2015 13:52
267,This App Will Play Nickelback If You Try To Contact Your Ex,http://www.ruzzit.com/en-US/Redirect/Link?media=1377580,246k,4 ,6,11/9/2015 22:46
268,The Perfect Ugly Christmas Sweater For Breastfeeding Moms - The Huffington,http://www.ruzzit.com/en-US/Redirect/Link?media=1745004,246k,2 ,35,11/12/2015 18:45
269,31 Pictures That Show Just How Crazy Woodstock Really Was - BuzzFeed,http://www.ruzzit.com/en-US/Redirect/Link?media=1256769,245k,34 ,0,15/8/2015 22:01
270,7 powerful photographs of terminally ill patients living out their final wi,http://www.ruzzit.com/en-US/Redirect/Link?media=1451218,245k,133 ,108,30/9/2015 22:42
271,What's Really Warming the World? - Bloomberg,http://www.ruzzit.com/en-US/Redirect/Link?media=1055975,230k,"1,746 ",111,24/6/2015 18:38
272,WHAFF Rewards - Android Apps on Google Play,http://www.ruzzit.com/en-US/Redirect/Link?media=1278457,228k,83 ,0,23/4/2015 12:42
273,"Beirut, Also the Site of Deadly Attacks, Feels Forgotten - The New York Tim",http://www.ruzzit.com/en-US/Redirect/Link?media=1633943,244k,497 ,107,15/11/2015 16:22
274,http://38.media.tumblr.com/2c5448705213d1d1ad1c7f362c5c1f86/tumblr_nx60xhHA,http://www.ruzzit.com/en-US/Redirect/Link?media=1719335,243k,50 ,12,2/11/2015 03:18
275,"OK, This Trump Thing Isnt Funny Anymore - Daily Beast",http://www.ruzzit.com/en-US/Redirect/Link?media=1324618,243k,315 ,0,27/8/2015 14:04
276,Dear Mom of an Adopted Child - The Huffington Post,http://www.ruzzit.com/en-US/Redirect/Link?media=866503,242k,1 ,599,12/5/2015 21:17
277,This Beautiful Tribute To A Dog And His Man Will Have You In Tears - The Hu,http://www.ruzzit.com/en-US/Redirect/Link?media=982380,240k,133 ,713,10/6/2015 03:23
278,Why you should always buy the men's version of almost anything - Washington,http://www.ruzzit.com/en-US/Redirect/Link?media=1796152,241k,866 ,599,22/12/2015 18:03
279,23 Things You Know If You've Been Best Friends Since High School - BuzzFeed,http://www.ruzzit.com/en-US/Redirect/Link?media=1037679,243k,0 ,0,23/6/2015 21:16
280,33 Songs From The Early '00s That Defined Your Idea Of Love - BuzzFeed,http://www.ruzzit.com/en-US/Redirect/Link?media=1585308,241k,4 ,324,3/11/2015 20:16
281,24 Pictures That Men Will Just Never Ever Understand - BuzzFeed,http://www.ruzzit.com/en-US/Redirect/Link?media=1960940,241k,1 ,6,1/2/2016 03:46
282,You're Better Than Waffle Cones. You Deserve A Chocolate Chip Cookie Cone.,http://www.ruzzit.com/en-US/Redirect/Link?media=1046922,239k,2 ,832,25/6/2015 21:40
283,5 Terrible Gifts for People Who Don't Value Money - Cracked,http://www.ruzzit.com/en-US/Redirect/Link?media=762827,240k,1 ,2,17/4/2015 09:00
284,There Will be A Full Moon On Christmas Day For The First Time In 38 Years,http://www.ruzzit.com/en-US/Redirect/Link?media=1760636,240k,43 ,10,15/12/2015 14:15
285,The 27 jobs that are most damaging to your health - Business Insider,http://www.ruzzit.com/en-US/Redirect/Link?media=1580626,237k,"1,756 ",26,2/11/2015 19:15
286,A Christian 'Defense' Of Josh Duggar - Western Journalism,http://www.ruzzit.com/en-US/Redirect/Link?media=938975,238k,1 ,0,22/5/2015 17:30
287,Inside the World's Most Dog-Friendly Office - Inc.com,http://www.ruzzit.com/en-US/Redirect/Link?media=1911211,235k,"1,348 ",30,20/1/2016 19:11
288,People Are Tweeting Their Most Awkward Moments And It Is Cringingly Hilario,http://www.ruzzit.com/en-US/Redirect/Link?media=1584806,233k,28 ,584,3/11/2015 18:24
289,7 Stretches In 7 Minutes For Complete Lower Back Pain Relief,http://www.ruzzit.com/en-US/Redirect/Link?media=1999460,234k,20 ,944,25/7/2015 03:18
290,Police officer shares meal with homeless man: 'Nobody wants to eat alone' -,http://www.ruzzit.com/en-US/Redirect/Link?media=1181982,234k,12 ,0,24/7/2015 19:20
291,15 Things Anyone Who Loves A Woman With Anxiety Should Know,http://www.ruzzit.com/en-US/Redirect/Link?media=776343,234k,39 ,238,20/4/2015 14:12
292,Orioles COO John Angelos offers eye-opening perspective on Baltimore protes,http://www.ruzzit.com/en-US/Redirect/Link?media=802429,227k,155 ,0,27/4/2015 16:54
293,Photos Of School Lunches From Around The World Will Make American Kids Want,http://www.ruzzit.com/en-US/Redirect/Link?media=572100,232k,209 ,41,25/2/2015 13:17
294,"""Smiley"" dog born without eyes serves as inspiration - CBS News",http://www.ruzzit.com/en-US/Redirect/Link?media=643968,232k,33 ,106,11/3/2015 23:37
295,"Missing link found between brain, immune system; major disease implications",http://www.ruzzit.com/en-US/Redirect/Link?media=1516025,227k,"1,021 ",599,2/6/2015 03:37
296,21 Fucking Great Gifts For Your Best Friend Who Loves Swearing - BuzzFeed,http://www.ruzzit.com/en-US/Redirect/Link?media=1705799,232k,4 ,439,2/12/2015 20:56
297,Blue Moon: What Makes Friday's Moon So Special - ABC News,http://www.ruzzit.com/en-US/Redirect/Link?media=1191914,230k,30 ,0,30/7/2015 23:07
298,A New Way to Tackle Gun Deaths - New York Times,http://www.ruzzit.com/en-US/Redirect/Link?media=1477018,226k,197 ,0,3/10/2015 20:30
299,Center Lovell Inn in Maine's owner holding essay contest and the winner get,http://www.ruzzit.com/en-US/Redirect/Link?media=640802,230k,16 ,1,9/3/2015 19:19
300,A Guy Like Me - The Players Tribune,http://www.ruzzit.com/en-US/Redirect/Link?media=1981160,229k,"1,159 ",47,28/1/2016 20:02
301,Burial Pods Could Turn Cemeteries Into Forests - IFLScience,http://www.ruzzit.com/en-US/Redirect/Link?media=596534,229k,29 ,207,3/3/2015 17:06
302,What Plus-Size Clothes Actually Look Like On Plus-Size Women - BuzzFeed,http://www.ruzzit.com/en-US/Redirect/Link?media=779129,228k,11 ,0,22/4/2015 05:01
303,22 Faces Every Hairdresser Will Recognise - BuzzFeed,http://www.ruzzit.com/en-US/Redirect/Link?media=811657,229k,4 ,100,29/4/2015 20:01
304,USMC Vet Has Blistering Message For Those Publicly Desecrating American Fla,http://www.ruzzit.com/en-US/Redirect/Link?media=851674,228k,44 ,0,6/5/2015 04:23
305,"Thanks to Yao Ming, killing sharks for their fins is down 50%. And he's jus",http://www.ruzzit.com/en-US/Redirect/Link?media=1503476,228k,32 ,8,14/10/2015 16:23
306,34 Unforgettable Back-To-School Things All ’90s Teenage Girls Did - BuzzFee,http://www.ruzzit.com/en-US/Redirect/Link?media=1245337,227k,2 ,0,13/8/2015 02:46
307,"5 Years Ago, This Veteran Was Homeless. Today, She's A Student At Harvard",http://www.ruzzit.com/en-US/Redirect/Link?media=684871,227k,279 ,2,25/3/2015 14:25
308,A Children's Illustrator Is Getting Hate On Facebook For Her Anti-Racist Ar,http://www.ruzzit.com/en-US/Redirect/Link?media=1224616,225k,21 ,0,7/8/2015 22:35
309,There's an awful cost to getting a PhD that no one talks about - Quartz,http://www.ruzzit.com/en-US/Redirect/Link?media=1637393,226k,951 ,86,12/11/2015 14:34
310,Rare Super Blood Moon Total Eclipse: How to See It - National Geographic,http://www.ruzzit.com/en-US/Redirect/Link?media=1442730,224k,621 ,0,25/9/2015 16:52
311,22 Awkward Moments People Who Hate Waking Up Will Totally Understand - Buzz,http://www.ruzzit.com/en-US/Redirect/Link?media=594157,225k,1 ,2,3/3/2015 06:31
312,An expansive photo record of Native American life in the early 1900s - Mash,http://www.ruzzit.com/en-US/Redirect/Link?media=1676837,225k,148 ,4,25/11/2015 17:56
313,"WATCH: Migrants Dislike Food, Demand TVs, Threaten To Go Back To Syria - Br",http://www.ruzzit.com/en-US/Redirect/Link?media=1658179,225k,109 ,8,13/11/2015 18:14
314,31 Songs That Spoke To Your Teen Angst - BuzzFeed,http://www.ruzzit.com/en-US/Redirect/Link?media=667399,223k,0 ,103,22/3/2015 15:46
315,19 Truths For People Who Like Dogs More Than Babies - BuzzFeed,http://www.ruzzit.com/en-US/Redirect/Link?media=1268300,224k,4 ,0,18/8/2015 21:26
316,"When A Cheerleader With Down Syndrome Was Bullied, These Players Walked Off",http://www.ruzzit.com/en-US/Redirect/Link?media=627560,223k,33 ,108,11/3/2015 19:44
317,This new ad will convince you to never again judge a mom - Mashable,http://www.ruzzit.com/en-US/Redirect/Link?media=1535676,222k,303 ,9,22/10/2015 15:01
318,"17 photos of adorable kids who were born prematurely, now holding their own",http://www.ruzzit.com/en-US/Redirect/Link?media=1598689,224k,6 ,104,6/11/2015 16:17
319,Busy Is a Sickness - Huffington Post,http://www.ruzzit.com/en-US/Redirect/Link?media=596863,222k,542 ,497,27/2/2015 20:46
320,Anti-Vaxxers Fund Study That Finds Zero Link Between Vaccinations And Autis,http://www.ruzzit.com/en-US/Redirect/Link?media=1470642,222k,49 ,3,6/10/2015 14:04
321,Can We Guess Your Age And Gender From These 10 Questions? - BuzzFeed,http://www.ruzzit.com/en-US/Redirect/Link?media=1354815,221k,3 ,1,8/9/2015 19:30
322,35 Things You're Never Going To Get For Christmas Again - BuzzFeed,http://www.ruzzit.com/en-US/Redirect/Link?media=1787549,222k,14 ,"1,085",21/12/2015 21:06
323,There's a Hidden Reason Why the Check One Parent Wrote to an Elementary Sch,http://www.ruzzit.com/en-US/Redirect/Link?media=1418969,222k,7 ,0,18/9/2015 21:55
324,Jon Stewart's beautiful 12-acre farm is now a safe haven for abused animals,http://www.ruzzit.com/en-US/Redirect/Link?media=1561523,222k,25 ,11,28/10/2015 21:01
325,Starbucks Offers All Veteran Employees Free College For Their Spouse Or Chi,http://www.ruzzit.com/en-US/Redirect/Link?media=1615755,218k,"1,962 ",14,11/11/2015 04:11
326,Real-Life 'Notebook' Couple Dies Hand-in-Hand - ABC News,http://www.ruzzit.com/en-US/Redirect/Link?media=578527,217k,8 ,21,27/2/2015 00:01
327,"Motherlode Blog: A Baby Dies at Day Care, and a Mother Asks Why She Had to",http://www.ruzzit.com/en-US/Redirect/Link?media=1634937,220k,926 ,83,15/11/2015 11:51
328,"Women Scientists Are Tweeting ""Sexy"" Photos Of Themselves At Work To Shut D",http://www.ruzzit.com/en-US/Redirect/Link?media=990726,218k,233 ,99,11/6/2015 23:41
329,7 Appeals To Moms From Women Without Children - The Huffington Post,http://www.ruzzit.com/en-US/Redirect/Link?media=915276,220k,19 ,1,23/5/2015 14:09
330,Bernie Sanders Will Win the Democratic Nomination and Presidency in a Lands,http://www.ruzzit.com/en-US/Redirect/Link?media=1898568,220k,222 ,64,13/1/2016 15:50
331,"Mom And Dad Let A Troubled Teen Live In Their Home. 6 Months Later, They Dr",http://www.ruzzit.com/en-US/Redirect/Link?media=1512929,220k,0 ,43,2/10/2015 15:10
332,Elementary School Dumps Homework and Tells Kids to Play Instead - DNAinfo,http://www.ruzzit.com/en-US/Redirect/Link?media=622735,217k,186 ,9,5/3/2015 13:29
333,Politico Admits Fabricating A Hit Piece On Ben Carson - The Federalist,http://www.ruzzit.com/en-US/Redirect/Link?media=1612746,215k,127 ,34,7/11/2015 01:13
334,Obama to Call for End to ‘Conversion’ Therapies for Gay and Transgender You,http://www.ruzzit.com/en-US/Redirect/Link?media=724911,207k,170 ,0,9/4/2015 02:51
335,Racism Is Not A Mental Illness - The Huffington Post,http://www.ruzzit.com/en-US/Redirect/Link?media=1019634,218k,75 ,200,19/6/2015 01:08
336,"Mercury, Venus, Mars, Jupiter and Saturn Are About To Align - IFLScience",http://www.ruzzit.com/en-US/Redirect/Link?media=1890680,219k,77 ,46,15/1/2016 21:14
337,"Mob breaks into Indian prison, drags out rapist and beats him to death - Da",http://www.ruzzit.com/en-US/Redirect/Link?media=608323,217k,17 ,0,5/3/2015 20:58
338,If Minions Were Disney Princesses - BuzzFeed,http://www.ruzzit.com/en-US/Redirect/Link?media=1009949,218k,17 ,0,16/6/2015 22:21
339,8 Scientific Reasons You Should Never Smoke Weed,http://www.ruzzit.com/en-US/Redirect/Link?media=768478,217k,1 ,10,18/4/2015 00:09
340,A Cop Killed A White Teen And The #AllLivesMatter Crowd Said Nothing - The,http://www.ruzzit.com/en-US/Redirect/Link?media=1211806,214k,95 ,201,5/8/2015 01:19
341,"The Science Of ‘Hangry’, Or Why Some People Get Grumpy When They’re Hungry",http://www.ruzzit.com/en-US/Redirect/Link?media=1146371,215k,73 ,208,20/7/2015 11:23
342,A comic that accurately sums up depression and anxiety — and the uphill bat,http://www.ruzzit.com/en-US/Redirect/Link?media=1362384,217k,56 ,66,9/9/2015 22:45
343,Learn Anatomy By Dissecting Knitted Animals - IFLScience,http://www.ruzzit.com/en-US/Redirect/Link?media=1461979,215k,5 ,400,4/10/2015 16:15
344,Utah officers say mysterious voice called them to rescue baby trapped insid,http://www.ruzzit.com/en-US/Redirect/Link?media=621187,215k,104 ,0,10/3/2015 11:46
345,Watch the VMAs Red Carpet Livestream Here! - People.com,http://www.ruzzit.com/en-US/Redirect/Link?media=1318299,52.8k,18 ,89,31/8/2015 02:30
346,Plopping Is The Best Kept Secret For Perfect Natural Curls - BuzzFeed,http://www.ruzzit.com/en-US/Redirect/Link?media=787462,216k,3 ,213,23/4/2015 21:25
347,We Need To Talk About Cargo Shorts - BuzzFeed,http://www.ruzzit.com/en-US/Redirect/Link?media=1259970,214k,37 ,0,17/8/2015 00:08
348,There's A Male Version Of Hooters That's Opening In The U.S. Soon - BuzzFee,http://www.ruzzit.com/en-US/Redirect/Link?media=787454,215k,30 ,0,23/4/2015 22:06
349,Utah officers say mysterious voice called them to rescue baby trapped insid,http://www.ruzzit.com/en-US/Redirect/Link?media=619661,215k,10 ,3,10/3/2015 00:04
350,These Photos Nail What It Feels Like To Have An Anxiety Disorder,http://www.ruzzit.com/en-US/Redirect/Link?media=906462,214k,147 ,507,18/5/2015 17:43
351,35 Stunning Examples Of Mombods - BuzzFeed,http://www.ruzzit.com/en-US/Redirect/Link?media=894587,215k,6 ,0,19/5/2015 04:36
352,15 Signs You're With A Good Man - Huffington Post,http://www.ruzzit.com/en-US/Redirect/Link?media=735715,214k,21 ,165,6/4/2015 21:25
353,REI closing on Black Friday for 1st time in push to #OptOutside - USA TODAY,http://www.ruzzit.com/en-US/Redirect/Link?media=1570070,205k,"2,244 ",17,27/10/2015 00:00
354,Meet Sesame Street's First Character with Autism: 'We Want to Create Greate,http://www.ruzzit.com/en-US/Redirect/Link?media=1531371,214k,469 ,0,21/10/2015 15:25
355,42 Reasons To Never Visit France - BuzzFeed,http://www.ruzzit.com/en-US/Redirect/Link?media=658818,212k,296 ,100,19/3/2015 21:01
356,Costa Rica is now running completely on renewable energy - Quartz,http://www.ruzzit.com/en-US/Redirect/Link?media=682795,209k,"1,215 ",2,23/3/2015 15:56
357,Former Stanford dean explains why helicopter parenting is ruining a generat,http://www.ruzzit.com/en-US/Redirect/Link?media=1532401,211k,554 ,96,16/10/2015 19:15
358,31 Things Everyone Who Grew Up Italian Will Understand - BuzzFeed,http://www.ruzzit.com/en-US/Redirect/Link?media=1215706,213k,14 ,0,5/8/2015 23:26
359,Colorado’s Push Against Teenage Pregnancies Is a Startling Success - The Ne,http://www.ruzzit.com/en-US/Redirect/Link?media=1086508,206k,817 ,2,5/7/2015 20:47
360,Exclusive: Franklin Graham Warns Gay Marriage Ruling Will Lead To Christian,http://www.ruzzit.com/en-US/Redirect/Link?media=1066653,211k,12 ,124,26/6/2015 18:45
361,12 Things to Expect When Dating a Strong Woman - Huffington Post,http://www.ruzzit.com/en-US/Redirect/Link?media=805786,211k,57 ,497,23/4/2015 15:53
362,"25 Completely Magical ""Harry Potter"" Wedding Ideas - BuzzFeed",http://www.ruzzit.com/en-US/Redirect/Link?media=660203,212k,2 ,2,20/3/2015 17:31
363,New Smart Insulin Patch Could Be a ‘Game Changer’ - IFLScience,http://www.ruzzit.com/en-US/Redirect/Link?media=1034964,211k,168 ,2,23/6/2015 12:59
364,An Open Letter to My Kids About Summer - Huffington Post (blog),http://www.ruzzit.com/en-US/Redirect/Link?media=1043073,211k,24 ,584,18/6/2015 16:43
365,26 Really Hot Doctors That’ll Make You Want To Get A Checkup - BuzzFeed,http://www.ruzzit.com/en-US/Redirect/Link?media=1323647,212k,2 ,0,1/9/2015 04:20
366,"Clip-on man buns aren't a joke, but we wish they were - Mashable",http://www.ruzzit.com/en-US/Redirect/Link?media=1609924,209k,32 ,27,10/11/2015 00:11
367,Facebook Adds New Feature For Suicide Prevention - Huffington Post,http://www.ruzzit.com/en-US/Redirect/Link?media=590082,209k,448 ,3,25/2/2015 22:07
368,"Leonard Nimoy, Spock of ‘Star Trek,’ Dies at 83 - The New York Times",http://www.ruzzit.com/en-US/Redirect/Link?media=582242,135k,"2,275 ",107,27/2/2015 18:10
369,Hackers Remotely Kill a Jeep on the Highway—With Me in It - Wired,http://www.ruzzit.com/en-US/Redirect/Link?media=1150729,183k,"6,162 ",108,21/7/2015 12:00
370,"Obama: ISIS Is Not Getting 'Stronger,' We Have 'Contained' Them - Breitbart",http://www.ruzzit.com/en-US/Redirect/Link?media=1645316,209k,544 ,84,13/11/2015 17:04
371,This Disfigured Cat Was Ignored By Everyone. Then A 7-Year-Old Girl Did Som,http://www.ruzzit.com/en-US/Redirect/Link?media=1736586,210k,5 ,212,22/4/2015 03:40
372,The Chewbacca hoodie is just as awesome as you think it is - Mashable,http://www.ruzzit.com/en-US/Redirect/Link?media=878741,207k,51 ,1,15/5/2015 13:41
373,"In Early Vote Count, Ireland Appears Headed Toward Legalizing Same-Sex ...",http://www.ruzzit.com/en-US/Redirect/Link?media=914826,207k,63 ,0,23/5/2015 12:00
374,"Frank E. Petersen, First Black General in Marines, Dies at 83 - The New Yor",http://www.ruzzit.com/en-US/Redirect/Link?media=1303355,207k,257 ,0,27/8/2015 02:06
375,This Shocking Photograph Reveals The Reality Of Climate Change - IFLScience,http://www.ruzzit.com/en-US/Redirect/Link?media=1375461,206k,74 ,63,13/9/2015 17:28
376,"Frank E. Petersen, First Black General in Marines, Dies at 83 - The New Yor",http://www.ruzzit.com/en-US/Redirect/Link?media=1302794,207k,257 ,0,27/8/2015 02:06
377,"Police, Officials Resign After Small Missouri Town Elects First Black Femal",http://www.ruzzit.com/en-US/Redirect/Link?media=772433,206k,80 ,1,20/4/2015 02:44
378,"After 10 Years Search, Air Force Vet Has Emotional Reunion with 'Katrina Gi",http://www.ruzzit.com/en-US/Redirect/Link?media=1406111,207k,23 ,0,20/9/2015 20:10
379,You can have Christmas dinner at Hogwarts this year &#8212; for a price - M,http://www.ruzzit.com/en-US/Redirect/Link?media=1442576,207k,25 ,0,29/9/2015 20:00
380,Wounded Warrior Project accused of wasting donation money - CBS News,http://www.ruzzit.com/en-US/Redirect/Link?media=1959272,207k,543 ,17,27/1/2016 01:06
381,Why I Defaulted on My Student Loans - New York Times,http://www.ruzzit.com/en-US/Redirect/Link?media=982419,202k,931 ,0,6/6/2015 20:30
382,"Same-Sex Marriage Is a Right, Supreme Court Rules, 5-4 - New York Times",http://www.ruzzit.com/en-US/Redirect/Link?media=1050196,167k,"1,819 ",1,26/6/2015 16:15
383,"A Boy In Her Class Called Her 'Ugly,' And Her Response Is Perfect",http://www.ruzzit.com/en-US/Redirect/Link?media=623474,205k,41 ,2,6/3/2015 23:43
384,This Food Test Will Determine If You're Actually From Pennsylvania - BuzzFe,http://www.ruzzit.com/en-US/Redirect/Link?media=1948079,206k,3 ,0,28/1/2016 22:01
385,Glow-in-the-dark hair illuminates your beauty routine - Mashable,http://www.ruzzit.com/en-US/Redirect/Link?media=1889793,206k,8 ,133,15/1/2016 17:23
386,Columnist: 5 reasons marriage doesn't work anymore - USA TODAY,http://www.ruzzit.com/en-US/Redirect/Link?media=736913,205k,67 ,3,7/4/2015 13:21
387,Now's the Time To End Tax Exemptions for Religious Institutions - TIME,http://www.ruzzit.com/en-US/Redirect/Link?media=1073334,202k,104 ,102,28/6/2015 17:16
388,The Science of Why No One Agrees on the Color of This Dress - Wired,http://www.ruzzit.com/en-US/Redirect/Link?media=579224,156k,"1,364 ","1,989",27/2/2015 04:30
389,Injured Sea Turtle Gets A 3D-Printed Jaw - IFLScience,http://www.ruzzit.com/en-US/Redirect/Link?media=893850,201k,55 ,301,18/5/2015 23:07
390,25 Times The Growing Up Catholic Hashtag Was Too Real - BuzzFeed,http://www.ruzzit.com/en-US/Redirect/Link?media=1207985,204k,0 ,0,4/8/2015 05:46
391,Salvation Army puts #thedress in a new light with powerful domestic violenc,http://www.ruzzit.com/en-US/Redirect/Link?media=609030,204k,504 ,2,6/3/2015 22:59
392,"Thanks To The Magnus Effect, This Basketball Does Something Pretty Weird Wh",http://www.ruzzit.com/en-US/Redirect/Link?media=1132686,202k,148 ,129,16/7/2015 18:00
393,"Adele goes undercover as Adele impersonator, pranks actual Adele impersonat",http://www.ruzzit.com/en-US/Redirect/Link?media=1657990,204k,115 ,6,21/11/2015 05:17
394,Prepare for a Celestial Spectacle as Five Planets Align - New York Times,http://www.ruzzit.com/en-US/Redirect/Link?media=1907621,204k,375 ,63,19/1/2016 23:17
395,"Obama Brings Out Luther, His Anger Translator, During White House Correspon",http://www.ruzzit.com/en-US/Redirect/Link?media=796699,203k,82 ,7,26/4/2015 05:48
396,27 Faces All Work BFFs Have Definitely Made Before - BuzzFeed,http://www.ruzzit.com/en-US/Redirect/Link?media=661034,203k,23 ,99,20/3/2015 21:46
397,Samsung Unveils 'See-Through' Safety Trucks - IFLScience,http://www.ruzzit.com/en-US/Redirect/Link?media=1035570,202k,434 ,0,23/6/2015 14:37
398,He met dozens of kids who didn't have shoes. So he invented 5 pairs in 1. -,http://www.ruzzit.com/en-US/Redirect/Link?media=776318,203k,64 ,2,20/4/2015 17:23
399,"49 Thoughts You Have Every Time You Watch HGTV's ""Fixer Upper"" - BuzzFeed",http://www.ruzzit.com/en-US/Redirect/Link?media=1702562,203k,26 ,6,2/12/2015 04:31
400,From EW: How Furious 7 Said Goodbye to Paul Walker - People.com,http://www.ruzzit.com/en-US/Redirect/Link?media=709843,203k,2 ,33,4/4/2015 22:25
401,"A California mom saw Syrian refugees struggling to carry their babies, so s",http://www.ruzzit.com/en-US/Redirect/Link?media=1657055,203k,7 ,11,20/11/2015 19:29
402,"7.8 magnitude earthquake slams Nepal, nearly 700 dead, authorities say - CN",http://www.ruzzit.com/en-US/Redirect/Link?media=794811,172k,439 ,0,25/4/2015 13:59
403,"Attention, Emo Kids: Evanescence Is Reuniting So You Can Feel Things Again",http://www.ruzzit.com/en-US/Redirect/Link?media=1573619,202k,0 ,13,31/10/2015 20:25
404,Brothers who cofounded a $100 million company say this question their mom,http://www.ruzzit.com/en-US/Redirect/Link?media=1771940,200k,"1,770 ",105,17/12/2015 20:50
405,10 Truths Middle Schoolers Should Know - The Huffington Post,http://www.ruzzit.com/en-US/Redirect/Link?media=1223790,197k,87 ,"3,356",7/8/2015 18:53
406,Bath & Body Works Is Rereleasing Six Of Your Favorite Scents From The '90s,http://www.ruzzit.com/en-US/Redirect/Link?media=968459,201k,7 ,0,6/6/2015 11:00
407,Rainbows Formed Over Dublin As Ireland Voted In The Same-Sex Marriage Refer,http://www.ruzzit.com/en-US/Redirect/Link?media=915324,199k,8 ,100,23/5/2015 15:58
408,"'Blind Side' mom is proud of son's ""amazing journey"" to second Super Bowl -",http://www.ruzzit.com/en-US/Redirect/Link?media=2008257,200k,14 ,299,4/2/2016 21:40
409,10 Images of the Baltimore Riots You Won't See on TV,http://www.ruzzit.com/en-US/Redirect/Link?media=806933,193k,154 ,3,28/4/2015 15:15
410,22 Pictures That Are Too Real For People With Siblings - BuzzFeed,http://www.ruzzit.com/en-US/Redirect/Link?media=1042667,199k,2 ,1,24/6/2015 23:21
411,Well: Please Stop Making That Noise - The New York Times,http://www.ruzzit.com/en-US/Redirect/Link?media=569899,198k,80 ,8,24/2/2015 20:40
412,A Cop Who Had To Tell A Teen His Parents Had Been Killed Showed Up At His G,http://www.ruzzit.com/en-US/Redirect/Link?media=945834,197k,66 ,33,31/5/2015 22:46
413,One Stunning Photo Is Turning America's Racist History on Its Head,http://www.ruzzit.com/en-US/Redirect/Link?media=885122,198k,32 ,107,16/5/2015 00:09
414,Weasel Takes A Wild Ride On A Woodpecker’s Back - IFLScience,http://www.ruzzit.com/en-US/Redirect/Link?media=597688,198k,12 ,0,3/3/2015 23:58
415,20-Year-Old To Launch World’s First Ocean Cleaning System In 2016 - IFLSci,http://www.ruzzit.com/en-US/Redirect/Link?media=949063,197k,65 ,37,1/6/2015 20:55
416,Ben Carson joins Donald Trump in threatening to leave GOP - CNN,http://www.ruzzit.com/en-US/Redirect/Link?media=1744731,199k,103 ,0,11/12/2015 17:17
417,"45 Photos Of Black Graduates Guaranteed To Make You Say ""YAAASS"" - BuzzFeed",http://www.ruzzit.com/en-US/Redirect/Link?media=894081,197k,46 ,0,19/5/2015 01:26
418,Dolphins Spotted Riding Whales Off The Coast Of Hawaii - IFLScience,http://www.ruzzit.com/en-US/Redirect/Link?media=1133628,197k,14 ,52,16/7/2015 20:34
419,10 Struggles Of Women With Big Thighs - The Huffington Post,http://www.ruzzit.com/en-US/Redirect/Link?media=663872,198k,0 ,10,21/3/2015 16:43
420,Can We Guess Your Age By Your Taste In Movies? - BuzzFeed,http://www.ruzzit.com/en-US/Redirect/Link?media=687856,196k,0 ,0,29/3/2015 19:16
421,23 Pictures That Are Too Real For People Who Are Bad At Math - BuzzFeed,http://www.ruzzit.com/en-US/Redirect/Link?media=1182878,196k,4 ,51,29/7/2015 00:26
422,"PlayStation 5 Development Underway, Xbox Two Expected Sooner - ValueWalk",http://www.ruzzit.com/en-US/Redirect/Link?media=1662421,197k,30 ,1,22/11/2015 13:15
423,This Incredible Photo Of A Baby Weasel Riding A Woodpecker Is Straight Out,http://www.ruzzit.com/en-US/Redirect/Link?media=593367,195k,53 ,203,2/3/2015 23:46
424,Oliver Sacks Dies at 82; Neurologist and Author Explored the Brain’s Quirks,http://www.ruzzit.com/en-US/Redirect/Link?media=1316417,177k,"1,530 ",61,30/8/2015 11:07
425,19 Jokes All Grammar Nerds Will Appreciate - BuzzFeed,http://www.ruzzit.com/en-US/Redirect/Link?media=570960,194k,52 ,369,25/2/2015 03:46
426,"What Humans Are Really Doing to Our Planet, in 19 Jaw-Dropping Images",http://www.ruzzit.com/en-US/Redirect/Link?media=833589,193k,113 ,96,4/5/2015 20:56
427,A Woman Is Writing Feminist Messages On Period Pads And Posting Them Around,http://www.ruzzit.com/en-US/Redirect/Link?media=623091,195k,2 ,207,10/3/2015 18:39
428,19 Things You’ll Understand If You Love Going To Bed Early - BuzzFeed,http://www.ruzzit.com/en-US/Redirect/Link?media=1935889,196k,8 ,278,26/1/2016 13:11
429,"Li-Fi has just been tested in the real world, and it's 100 times faster tha",http://www.ruzzit.com/en-US/Redirect/Link?media=1684576,194k,"2,365 ",64,24/11/2015 03:34
430,"A short comic gives the simplest, most perfect explanation of privilege I'v",http://www.ruzzit.com/en-US/Redirect/Link?media=1910710,195k,561 ,114,20/1/2016 16:22
431,One Tweet Shows the Hypocrisy of the Media's Reaction to Riots in Baltimore,http://www.ruzzit.com/en-US/Redirect/Link?media=798950,192k,31 ,30,26/4/2015 18:53
432,How Doctors Take Women's Pain Less Seriously - The Atlantic,http://www.ruzzit.com/en-US/Redirect/Link?media=1525647,189k,254 ,159,15/10/2015 15:01
433,"I, Racist - Huffington Post",http://www.ruzzit.com/en-US/Redirect/Link?media=1127723,192k,128 ,155,10/7/2015 17:49
434,Summer Is Over: Pumpkin Spice Latte M&Ms Hit Supermarket Shelves - People.c,http://www.ruzzit.com/en-US/Redirect/Link?media=1297588,194k,3 ,0,25/8/2015 23:05
435,"No, My Son Doesn't Play Sports... Really It's Ok! - The Huffington Post",http://www.ruzzit.com/en-US/Redirect/Link?media=1934528,194k,8 ,78,26/1/2016 04:25
436,Muslims shield Christians when Al-Shabaab attacks bus in Kenya - CNN,http://www.ruzzit.com/en-US/Redirect/Link?media=1789550,194k,360 ,29,22/12/2015 08:33
437,After People Tried To Body-Shame This Guy Dancing At A Concert Something Am,http://www.ruzzit.com/en-US/Redirect/Link?media=611632,187k,85 ,4,7/3/2015 16:01
438,Misty Copeland Is Promoted to Principal Dancer at American Ballet Theater -,http://www.ruzzit.com/en-US/Redirect/Link?media=1065815,179k,"2,199 ",3,30/6/2015 18:01
439,Ted Cruz is not eligible to be president - Washington Post,http://www.ruzzit.com/en-US/Redirect/Link?media=1894468,193k,347 ,15,12/1/2016 17:28
440,Side-By-Side Photo Shows Hypocrisy Of Suggesting Women Should Breastfeed In,http://www.ruzzit.com/en-US/Redirect/Link?media=629202,192k,9 ,0,10/3/2015 20:45
441,All schools shut down in a Virginia county over Islam homework assignment -,http://www.ruzzit.com/en-US/Redirect/Link?media=1773868,192k,150 ,33,18/12/2015 08:29
442,Happy World Turtle Day! - IFLScience,http://www.ruzzit.com/en-US/Redirect/Link?media=913459,191k,8 ,5,23/5/2015 14:27
443,"A barber gave free haircuts to kids, but first they had to read him a story",http://www.ruzzit.com/en-US/Redirect/Link?media=1249088,192k,32 ,0,13/8/2015 20:58
444,Syrian refugees shunned in US over terror fears after attacks in Paris - CN,http://www.ruzzit.com/en-US/Redirect/Link?media=1637033,191k,162 ,105,16/11/2015 14:23
445,This graffiti artist's 'experiment' with the authorities escalated hilariou,http://www.ruzzit.com/en-US/Redirect/Link?media=1069055,186k,"1,295 ",1,1/7/2015 09:17
446,Inside Amazon: Wrestling Big Ideas in a Bruising Workplace - The New York T,http://www.ruzzit.com/en-US/Redirect/Link?media=1255336,161k,"7,554 ",1,15/8/2015 14:00
447,Parking Justice: 16 People Who Parked Like Jerks and Paid the Price,http://www.ruzzit.com/en-US/Redirect/Link?media=1379782,191k,16 ,0,6/3/2015 20:37
448,"The hipster is dead, and you might not like who comes next - Mashable",http://www.ruzzit.com/en-US/Redirect/Link?media=979515,175k,"3,714 ",103,9/6/2015 15:07
449,"Why Han Seoul-Oh Is The Greatest ""Fast And Furious"" Character - BuzzFeed",http://www.ruzzit.com/en-US/Redirect/Link?media=725963,190k,0 ,0,9/4/2015 04:31
450,These Are the 9 Men and Women Tragically Murdered by the Charleston Shooter,http://www.ruzzit.com/en-US/Redirect/Link?media=1019483,187k,23 ,23,18/6/2015 23:09
451,"23 Words That Only ""Friends"" Fans Will ~Truly~ Understand - BuzzFeed",http://www.ruzzit.com/en-US/Redirect/Link?media=1576480,189k,2 ,35,1/11/2015 18:46
452,Egg rationing in America has officially begun - Washington Post (blog),http://www.ruzzit.com/en-US/Redirect/Link?media=980986,188k,241 ,100,7/6/2015 12:18
453,19 Pictures That Will Give You Intense Flashbacks To Grandma's House - Buzz,http://www.ruzzit.com/en-US/Redirect/Link?media=1609803,189k,1 ,228,9/11/2015 22:21
454,What Makes Indiana's Religious-Freedom Law Different? - The Atlantic,http://www.ruzzit.com/en-US/Redirect/Link?media=711172,184k,158 ,0,31/3/2015 19:52
455,Planet Earth Now Has A Flag - IFLScience,http://www.ruzzit.com/en-US/Redirect/Link?media=913460,187k,94 ,161,23/5/2015 13:21
456,24 Tweets That Will Make Every Nurse Laugh Out Loud - BuzzFeed,http://www.ruzzit.com/en-US/Redirect/Link?media=1673284,189k,2 ,16,25/11/2015 03:01
457,This Is How A Bunch Of Today's Teens Reacted To '90s Music - BuzzFeed,http://www.ruzzit.com/en-US/Redirect/Link?media=704339,188k,0 ,0,3/4/2015 12:31
458,"Which ""The Force Awakens"" Character Are You? - BuzzFeed",http://www.ruzzit.com/en-US/Redirect/Link?media=1780658,188k,4 ,264,19/12/2015 23:08
459,See a Blood Moon in Shortest Eclipse of the Century - National Geographic,http://www.ruzzit.com/en-US/Redirect/Link?media=701914,187k,174 ,0,2/4/2015 23:33
460,18 Texts Everyone Who Has A Long Distance BFF Will Recognize - BuzzFeed,http://www.ruzzit.com/en-US/Redirect/Link?media=586068,187k,0 ,100,28/2/2015 21:30
461,Testifying in front of your attacker in court is terrifying. These dogs mak,http://www.ruzzit.com/en-US/Redirect/Link?media=1259293,187k,68 ,5,14/8/2015 20:46
462,Obama bans solitary confinement for juveniles in federal prisons - Washingt,http://www.ruzzit.com/en-US/Redirect/Link?media=1933966,187k,217 ,28,26/1/2016 02:03
463,For Anyone That's Been Stabbed By A Pencil And Still Has A Mark - BuzzFeed,http://www.ruzzit.com/en-US/Redirect/Link?media=1438870,187k,2 ,0,28/9/2015 22:51
464,Abstinence-Only Texas High School Hit By Chlamydia Outbreak; 1 In 15 Studen,http://www.ruzzit.com/en-US/Redirect/Link?media=837012,187k,0 ,0,6/5/2015 00:27
465,Carole King and President Obama couldn't even handle this Aretha Franklin p,http://www.ruzzit.com/en-US/Redirect/Link?media=1823363,186k,33 ,30,30/12/2015 23:55
466,Duck Dynasty's Mia Robertson To Undergo Surgery Later This Month - Western,http://www.ruzzit.com/en-US/Redirect/Link?media=626904,186k,0 ,0,6/3/2015 18:26
467,This Guy Did An Insane Cross-Country Trip For Under $500 And You Can Too -,http://www.ruzzit.com/en-US/Redirect/Link?media=1466582,185k,7 ,125,5/10/2015 21:06
468,A 9-year-old goes in on standardized tests and ends with the best mic drop,http://www.ruzzit.com/en-US/Redirect/Link?media=684420,184k,"1,410 ",0,27/3/2015 22:29
469,A new kind of kindergarten design encourages kids to be their silly selves.,http://www.ruzzit.com/en-US/Redirect/Link?media=776316,185k,265 ,8,20/4/2015 20:56
470,American train attack heroes awarded France's highest honor - Fox News,http://www.ruzzit.com/en-US/Redirect/Link?media=1291651,184k,30 ,0,24/8/2015 16:18
471,The Rape Trial Everyone in America Should Be Watching - Cosmopolitan.com (b,http://www.ruzzit.com/en-US/Redirect/Link?media=1629157,178k,43 ,89,10/11/2015 18:21
472,29 Songs Every Former Emo Kid Hasn't Thought About Since 2007 - BuzzFeed,http://www.ruzzit.com/en-US/Redirect/Link?media=1707475,185k,2 ,2,3/12/2015 06:31
473,Former SEALs chaplain could be kicked out of Navy for Christian beliefs - F,http://www.ruzzit.com/en-US/Redirect/Link?media=638479,180k,132 ,201,10/3/2015 02:49
474,South Carolina Officer Is Charged With Murder in Black Man's Death - New Yo,http://www.ruzzit.com/en-US/Redirect/Link?media=720921,145k,429 ,0,8/4/2015 00:00
475,Meet the biracial twins no one believes are sisters - New York Post,http://www.ruzzit.com/en-US/Redirect/Link?media=612328,183k,5 ,22,2/3/2015 19:33
476,15 Easy Things You Can Do To Help When You Feel Like Shit - BuzzFeed,http://www.ruzzit.com/en-US/Redirect/Link?media=1721541,184k,47 ,305,6/12/2015 19:01
477,Trump says he could shoot people and still wouldn't lose voters - CNN Inter,http://www.ruzzit.com/en-US/Redirect/Link?media=1924709,183k,582 ,96,23/1/2016 19:48
478,16 Texts All Long Distance Sisters Send To Each Other - BuzzFeed,http://www.ruzzit.com/en-US/Redirect/Link?media=1529379,184k,6 ,3,21/10/2015 03:45
479,Snoop Dogg just handed out over a thousand turkeys to families in need.,http://www.ruzzit.com/en-US/Redirect/Link?media=1673052,184k,7 ,4,24/11/2015 21:42
480,A Harry Potter-Themed Bar Just Opened And You Have To Pay Your Respects - B,http://www.ruzzit.com/en-US/Redirect/Link?media=1364952,183k,4 ,25,10/9/2015 23:21
481,Final Draft of Climate Change Accord to Be Released on Saturday - New York,http://www.ruzzit.com/en-US/Redirect/Link?media=1748005,181k,"1,525 ",68,12/12/2015 11:55
482,"Tesla’s $3,000 Powerwall Will Let Households Run Entirely On Solar Energy",http://www.ruzzit.com/en-US/Redirect/Link?media=818225,181k,"2,508 ",0,1/5/2015 07:03
483,I was held hostage by Isis. They fear our unity more than our airstrikes -,http://www.ruzzit.com/en-US/Redirect/Link?media=1672321,182k,284 ,105,16/11/2015 21:35
484,Cold And Snow Predicted By Farmers' Almanac - The Huffington Post,http://www.ruzzit.com/en-US/Redirect/Link?media=1257135,182k,364 ,99,16/8/2015 01:41
485,25 Pictures That Perfectly Sum Up Working In Retail - BuzzFeed,http://www.ruzzit.com/en-US/Redirect/Link?media=733598,182k,1 ,2,10/4/2015 20:45
486,A Former Planned Parenthood Employee Just Tweeted All the Horrifying Acts o,http://www.ruzzit.com/en-US/Redirect/Link?media=1696278,183k,9 ,18,30/11/2015 19:15
487,The Families Funding the 2016 Presidential Election - The New York Times,http://www.ruzzit.com/en-US/Redirect/Link?media=1487290,167k,975 ,183,10/10/2015 03:24
488,19 Small Awards Anyone With Anxiety Deserves To Receive - BuzzFeed,http://www.ruzzit.com/en-US/Redirect/Link?media=1679409,181k,69 ,993,26/11/2015 12:16
489,There Will Be A Full Moon On Christmas For The First Time In Decades - The,http://www.ruzzit.com/en-US/Redirect/Link?media=1743267,182k,43 ,6,11/12/2015 08:24
490,If You're Liberal and You Think Hillary Clinton Is Corrupt and Untrustworth,http://www.ruzzit.com/en-US/Redirect/Link?media=1985649,182k,7 ,26,1/2/2016 00:40
491,13 things mentally strong people don't do - Business Insider,http://www.ruzzit.com/en-US/Redirect/Link?media=1696239,171k,10.3k ,201,30/11/2015 21:09
492,22 Things People Who Are Chronically Early Will Totally Understand - BuzzFe,http://www.ruzzit.com/en-US/Redirect/Link?media=655490,182k,10 ,0,19/3/2015 04:31
493,If Motivational Posters Were For People Who Hate People - BuzzFeed,http://www.ruzzit.com/en-US/Redirect/Link?media=545119,180k,11 ,308,17/2/2015 15:00
494,Mariah Carey Casually Sings Along To Her Greatest Hits With James Corden -,http://www.ruzzit.com/en-US/Redirect/Link?media=679940,181k,3 ,0,26/3/2015 14:47
495,Angelina Jolie Pitt: Diary of a Surgery - New York Times,http://www.ruzzit.com/en-US/Redirect/Link?media=682798,167k,"1,179 ",2,24/3/2015 05:00
496,Why My Husband Will Always Come Before My Kids - The Huffington Post,http://www.ruzzit.com/en-US/Redirect/Link?media=761373,181k,40 ,201,17/4/2015 05:14
497,Supreme Court Ruling and Christian Outrage - Huffington Post,http://www.ruzzit.com/en-US/Redirect/Link?media=1066878,181k,5 ,1,26/6/2015 20:18
498,California Set To Give Solar Panels To Low-Income Families For Free - IFLSc,http://www.ruzzit.com/en-US/Redirect/Link?media=927520,180k,165 ,0,27/5/2015 02:55
499,14 Reasons Why The Irish Goodbye Is The Best Exit Strategy - BuzzFeed,http://www.ruzzit.com/en-US/Redirect/Link?media=1095642,180k,7 ,2,8/7/2015 00:26
500,A Toxic Work World - New York Times,http://www.ruzzit.com/en-US/Redirect/Link?media=1425704,171k,"4,980 ",0,18/9/2015 18:45
501,Reporter instantly regrets asking man what he'd do with Powerball money - M,http://www.ruzzit.com/en-US/Redirect/Link?media=1856366,180k,64 ,4,8/1/2016 00:25
502,Groom Makes Wedding Vows To 3-Year-Old Stepdaughter In Emotional Video - Th,http://www.ruzzit.com/en-US/Redirect/Link?media=574850,180k,31 ,65,26/2/2015 01:39
503,Archaeologists To Ben Carson: Ancient Egyptians Wrote Down Why The Pyramids,http://www.ruzzit.com/en-US/Redirect/Link?media=1594518,177k,139 ,87,5/11/2015 17:48
504,10 Things to keep in Mind When Loving a Highly Creative Person,http://www.ruzzit.com/en-US/Redirect/Link?media=1467108,178k,176 ,295,8/7/2015 12:25
505,"Yogi Berra, Master Catcher With a Goofy Wit, Dies at 90 - The New York Time",http://www.ruzzit.com/en-US/Redirect/Link?media=1416921,172k,505 ,10,23/9/2015 08:58
506,Do You Bite Your Nails? It Might Mean You're A Perfectionist - The Huffingt,http://www.ruzzit.com/en-US/Redirect/Link?media=634623,178k,380 ,25,13/3/2015 15:42
507,Why Our Children Don't Think There Are Moral Facts - New York Times (blog),http://www.ruzzit.com/en-US/Redirect/Link?media=606885,176k,417 ,120,2/3/2015 19:21
508,The Most Mysterious Star in Our Galaxy - The Atlantic,http://www.ruzzit.com/en-US/Redirect/Link?media=1515874,169k,517 ,135,13/10/2015 15:18
509,'Stay-at-Home Mom' Is Not a Real Job - Huffington Post,http://www.ruzzit.com/en-US/Redirect/Link?media=1286067,179k,375 ,10,18/8/2015 22:55
